activity_year,approval_rate
2022,0.7567157248278278
2023,0.7156673065729101
2024,0.7315805242043076
2025,0.749409679243493
