race_group,avg_interest_rate,loans
Native Hawaiian / Pacific Islander,6.485166392300843,7897
American Indian / Alaska Native,6.373221602187193,26701
White,6.2971226354828795,1317816
Not Provided,6.2814385865694495,454469
Black,6.231929316100922,141673
Asian,6.0465769839463315,352454
