race_group,avg_interest_rate,loans
Native Hawaiian / Pacific Islander,6.485166392300938,7897
American Indian / Alaska Native,6.373221602187306,26701
White,6.297122635494292,1317816
Not Provided,6.281438586569658,454469
Black,6.2319293161005875,141673
Asian,6.0465769839454895,352454
