summary,loan_amount,income,interest_rate,loan_to_income
count,2301251,2301251,2301251,2301251
mean,420386.8526292873,168.18651637739646,6.253253768199151,2934.705476226666
stddev,408874.84530454193,992.0028465708547,1.8103637719303645,5960.528955308712
min,5000,1.0,0.001,0.15271786900879317
25%,195000,86.0,5.25,1656.9767441860465
50%,325000,128.0,6.25,2871.4859437751006
75%,525000,192.0,7.125,3813.5593220338983
max,50005000,824922.0,18.0,3005000.0
