summary,loan_amount,income,interest_rate,loan_to_income
count,5626294,5626294,4104086,5541766
mean,372714.9878765667,246.83872563360535,6.15617619184005,2894.030030893307
stddev,782788.858971734,61637.67499623786,1.8770876562135974,12451.953580654636
min,5000,0.0,0.0,0.003125
25%,135000,79.0,5.0,1153.8461538461538
50%,275000,124.0,6.25,2379.310344827586
75%,475000,198.0,7.05,3559.782608695652
max,1491565000,1.2E8,18.0,1.368408256880734E7
